<?xml version="1.0" encoding="UTF-8" ?>
<!-- This is a WordPress eXtended RSS file generated by WordPress as an export of your site. -->
<!-- It contains information about your site's posts, pages, comments, categories, and other content. -->
<!-- You may use this file to transfer that content from one site to another. -->
<!-- This file is not intended to serve as a complete backup of your site. -->

<!-- To import this information into a WordPress site follow these steps: -->
<!-- 1. Log in to that site as an administrator. -->
<!-- 2. Go to Tools: Import in the WordPress admin panel. -->
<!-- 3. Install the "WordPress" importer from the list. -->
<!-- 4. Activate & Run Importer. -->
<!-- 5. Upload this file using the form provided on that page. -->
<!-- 6. You will first be asked to map the authors in this export file to users -->
<!--    on the site. For each author, you may choose to map to an -->
<!--    existing user on the site or to create a new user. -->
<!-- 7. WordPress will then import each of the posts, pages, comments, categories, etc. -->
<!--    contained in this file into your site. -->

<!-- generator="WordPress/4.6.1" created="2016-11-05 12:58" -->
<rss version="2.0"
	xmlns:excerpt="http://wordpress.org/export/1.2/excerpt/"
	xmlns:content="http://purl.org/rss/1.0/modules/content/"
	xmlns:wfw="http://wellformedweb.org/CommentAPI/"
	xmlns:dc="http://purl.org/dc/elements/1.1/"
	xmlns:wp="http://wordpress.org/export/1.2/"
>

<channel>
	<title>bp-media.iaowd.com</title>
	<link>http://bp-media.iaowd.com</link>
	<description>Just Way You Are.</description>
	<pubDate>Sat, 05 Nov 2016 12:58:56 +0000</pubDate>
	<language>ja</language>
	<wp:wxr_version>1.2</wp:wxr_version>
	<wp:base_site_url>http://bp-media.iaowd.com</wp:base_site_url>
	<wp:base_blog_url>http://bp-media.iaowd.com</wp:base_blog_url>

	<wp:author><wp:author_id>1</wp:author_id><wp:author_login><![CDATA[na2ken]]></wp:author_login><wp:author_email><![CDATA[natsuken@gmail.com]]></wp:author_email><wp:author_display_name><![CDATA[na2ken]]></wp:author_display_name><wp:author_first_name><![CDATA[]]></wp:author_first_name><wp:author_last_name><![CDATA[]]></wp:author_last_name></wp:author>

	<wp:category>
		<wp:term_id>2</wp:term_id>
		<wp:category_nicename><![CDATA[category-a]]></wp:category_nicename>
		<wp:category_parent><![CDATA[]]></wp:category_parent>
		<wp:cat_name><![CDATA[ミニカテゴリー]]></wp:cat_name>
	</wp:category>
	<wp:category>
		<wp:term_id>3</wp:term_id>
		<wp:category_nicename><![CDATA[category-b]]></wp:category_nicename>
		<wp:category_parent><![CDATA[]]></wp:category_parent>
		<wp:cat_name><![CDATA[新規カテゴリー]]></wp:cat_name>
	</wp:category>
	<wp:category>
		<wp:term_id>1</wp:term_id>
		<wp:category_nicename><![CDATA[%e6%9c%aa%e5%88%86%e9%a1%9e]]></wp:category_nicename>
		<wp:category_parent><![CDATA[]]></wp:category_parent>
		<wp:cat_name><![CDATA[未分類]]></wp:cat_name>
	</wp:category>
	<wp:tag>
		<wp:term_id>5</wp:term_id>
		<wp:tag_slug><![CDATA[%e3%82%bf%e3%82%b0]]></wp:tag_slug>
		<wp:tag_name><![CDATA[タグ]]></wp:tag_name>
	</wp:tag>
	<wp:tag>
		<wp:term_id>6</wp:term_id>
		<wp:tag_slug><![CDATA[%e3%83%96%e3%83%ad%e3%82%b0%e8%a8%98%e4%ba%8b%ef%bc%83%ef%bc%93]]></wp:tag_slug>
		<wp:tag_name><![CDATA[ブログ記事＃３]]></wp:tag_name>
	</wp:tag>
	<wp:term>
		<wp:term_id><![CDATA[7]]></wp:term_id>
		<wp:term_taxonomy><![CDATA[content-a-cat]]></wp:term_taxonomy>
		<wp:term_slug><![CDATA[a]]></wp:term_slug>
		<wp:term_parent><![CDATA[]]></wp:term_parent>
		<wp:term_name><![CDATA[A]]></wp:term_name>
	</wp:term>
	<wp:term>
		<wp:term_id><![CDATA[8]]></wp:term_id>
		<wp:term_taxonomy><![CDATA[content-a-cat]]></wp:term_taxonomy>
		<wp:term_slug><![CDATA[category-a-a]]></wp:term_slug>
		<wp:term_parent><![CDATA[]]></wp:term_parent>
		<wp:term_name><![CDATA[カテゴリA]]></wp:term_name>
	</wp:term>
	<wp:term>
		<wp:term_id><![CDATA[15]]></wp:term_id>
		<wp:term_taxonomy><![CDATA[content-b-cat]]></wp:term_taxonomy>
		<wp:term_slug><![CDATA[category-b-a]]></wp:term_slug>
		<wp:term_parent><![CDATA[]]></wp:term_parent>
		<wp:term_name><![CDATA[カテゴリA]]></wp:term_name>
	</wp:term>
	<wp:term>
		<wp:term_id><![CDATA[9]]></wp:term_id>
		<wp:term_taxonomy><![CDATA[content-b-cat]]></wp:term_taxonomy>
		<wp:term_slug><![CDATA[category-b-b]]></wp:term_slug>
		<wp:term_parent><![CDATA[]]></wp:term_parent>
		<wp:term_name><![CDATA[カテゴリB]]></wp:term_name>
	</wp:term>
	<wp:term>
		<wp:term_id><![CDATA[10]]></wp:term_id>
		<wp:term_taxonomy><![CDATA[content-a-cat]]></wp:term_taxonomy>
		<wp:term_slug><![CDATA[category-a-b]]></wp:term_slug>
		<wp:term_parent><![CDATA[]]></wp:term_parent>
		<wp:term_name><![CDATA[カテゴリB]]></wp:term_name>
	</wp:term>
	<wp:term><wp:term_id>11</wp:term_id><wp:term_taxonomy>nav_menu</wp:term_taxonomy><wp:term_slug><![CDATA[fnav-center]]></wp:term_slug><wp:term_name><![CDATA[Fnav-center]]></wp:term_name>
</wp:term>
	<wp:term><wp:term_id>12</wp:term_id><wp:term_taxonomy>nav_menu</wp:term_taxonomy><wp:term_slug><![CDATA[fnav-left]]></wp:term_slug><wp:term_name><![CDATA[Fnav-left]]></wp:term_name>
</wp:term>
	<wp:term><wp:term_id>13</wp:term_id><wp:term_taxonomy>nav_menu</wp:term_taxonomy><wp:term_slug><![CDATA[fnav-right]]></wp:term_slug><wp:term_name><![CDATA[Fnav-right]]></wp:term_name>
</wp:term>
	<wp:term><wp:term_id>14</wp:term_id><wp:term_taxonomy>nav_menu</wp:term_taxonomy><wp:term_slug><![CDATA[gnav]]></wp:term_slug><wp:term_name><![CDATA[Gnav]]></wp:term_name>
</wp:term>

	<generator>https://wordpress.org/?v=4.6.1</generator>

	<item>
		<title>お問い合わせ</title>
		<link>http://bp-media.iaowd.com/contact/</link>
		<pubDate>Tue, 09 Aug 2016 04:14:50 +0000</pubDate>
		<dc:creator><![CDATA[na2ken]]></dc:creator>
		<guid isPermaLink="false">http://na2ken.com/bootpress/?page_id=2</guid>
		<description></description>
		<content:encoded><![CDATA[    <div class="container">
        <div class="row">
お問い合わせページです。
        </div>
    </div>]]></content:encoded>
		<excerpt:encoded><![CDATA[]]></excerpt:encoded>
		<wp:post_id>7</wp:post_id>
		<wp:post_date><![CDATA[2016-08-09 13:14:50]]></wp:post_date>
		<wp:post_date_gmt><![CDATA[2016-08-09 04:14:50]]></wp:post_date_gmt>
		<wp:comment_status><![CDATA[closed]]></wp:comment_status>
		<wp:ping_status><![CDATA[open]]></wp:ping_status>
		<wp:post_name><![CDATA[contact]]></wp:post_name>
		<wp:status><![CDATA[publish]]></wp:status>
		<wp:post_parent>0</wp:post_parent>
		<wp:menu_order>0</wp:menu_order>
		<wp:post_type><![CDATA[page]]></wp:post_type>
		<wp:post_password><![CDATA[]]></wp:post_password>
		<wp:is_sticky>0</wp:is_sticky>
		<wp:postmeta>
			<wp:meta_key><![CDATA[_wp_page_template]]></wp:meta_key>
			<wp:meta_value><![CDATA[default]]></wp:meta_value>
		</wp:postmeta>
		<wp:postmeta>
			<wp:meta_key><![CDATA[_edit_last]]></wp:meta_key>
			<wp:meta_value><![CDATA[1]]></wp:meta_value>
		</wp:postmeta>
	</item>
	<item>
		<title>コンテンツA見出しH1コンテンツA見出しH1</title>
		<link>http://bp-media.iaowd.com/content-a/%e3%82%b3%e3%83%b3%e3%83%86%e3%83%b3%e3%83%84a/</link>
		<pubDate>Tue, 09 Aug 2016 04:25:09 +0000</pubDate>
		<dc:creator><![CDATA[na2ken]]></dc:creator>
		<guid isPermaLink="false">http://na2ken.com/bootpress/?post_type=content-a&#038;p=4</guid>
		<description></description>
		<content:encoded><![CDATA[あいうえ５かきく１０さしすせ５たちつ２０なにぬね５はひふ３０まみむめ５やゐゆ４０らりるれ５わおん５０あいうえ５かきく１０さしすせ５たちつ２０なにぬね５はひふ３０まみむめ５やゐゆ４０らりるれ５わおん５０あいうえ５かきく１０さしすせ５たちつ２０なにぬね５はひふ３０まみむめ５やゐゆ４０らりるれ５わおん５０あいうえ５かきく１０さしすせ５たちつ２０なにぬね５はひふ３０まみむめ５やゐゆ４０らりるれ５わおん５０

あいうえ５かきく１０さしすせ５たちつ２０なにぬね５はひふ３０まみむめ５やゐゆ４０らりるれ５わおん５０あいうえ５かきく１０さしすせ５たちつ２０なにぬね５はひふ３０まみむめ５やゐゆ４０らりるれ５わおん５０あいうえ５かきく１０さしすせ５たちつ２０なにぬね５はひふ３０まみむめ５やゐゆ４０らりるれ５わおん５０あいうえ５かきく１０さしすせ５たちつ２０なにぬね５はひふ３０まみむめ５やゐゆ４０らりるれ５わおん５０
]]></content:encoded>
		<excerpt:encoded><![CDATA[]]></excerpt:encoded>
		<wp:post_id>8</wp:post_id>
		<wp:post_date><![CDATA[2016-08-09 13:25:09]]></wp:post_date>
		<wp:post_date_gmt><![CDATA[2016-08-09 04:25:09]]></wp:post_date_gmt>
		<wp:comment_status><![CDATA[closed]]></wp:comment_status>
		<wp:ping_status><![CDATA[closed]]></wp:ping_status>
		<wp:post_name><![CDATA[%e3%82%b3%e3%83%b3%e3%83%86%e3%83%b3%e3%83%84a]]></wp:post_name>
		<wp:status><![CDATA[publish]]></wp:status>
		<wp:post_parent>0</wp:post_parent>
		<wp:menu_order>0</wp:menu_order>
		<wp:post_type><![CDATA[content-a]]></wp:post_type>
		<wp:post_password><![CDATA[]]></wp:post_password>
		<wp:is_sticky>0</wp:is_sticky>
		<category domain="content-a-cat" nicename="category-a-a"><![CDATA[カテゴリA]]></category>
		<wp:postmeta>
			<wp:meta_key><![CDATA[_edit_last]]></wp:meta_key>
			<wp:meta_value><![CDATA[1]]></wp:meta_value>
		</wp:postmeta>
	</item>
	<item>
		<title>コンテンツB見出しH1コンテンツB見出しH1</title>
		<link>http://bp-media.iaowd.com/content-b/%e3%82%b3%e3%83%b3%e3%83%86%e3%83%b3%e3%83%84b%e8%a6%8b%e5%87%ba%e3%81%97h1%e3%82%b3%e3%83%b3%e3%83%86%e3%83%b3%e3%83%84b%e8%a6%8b%e5%87%ba%e3%81%97h1/</link>
		<pubDate>Tue, 09 Aug 2016 04:28:00 +0000</pubDate>
		<dc:creator><![CDATA[na2ken]]></dc:creator>
		<guid isPermaLink="false">http://na2ken.com/bootpress/?post_type=content-b&#038;p=5</guid>
		<description></description>
		<content:encoded><![CDATA[あいうえ５かきく１０さしすせ５たちつ２０なにぬね５はひふ３０まみむめ５やゐゆ４０らりるれ５わおん５０あいうえ５かきく１０さしすせ５たちつ２０なにぬね５はひふ３０まみむめ５やゐゆ４０らりるれ５わおん５０あいうえ５かきく１０さしすせ５たちつ２０なにぬね５はひふ３０まみむめ５やゐゆ４０らりるれ５わおん５０あいうえ５かきく１０さしすせ５たちつ２０なにぬね５はひふ３０まみむめ５やゐゆ４０らりるれ５わおん５０

あいうえ５かきく１０さしすせ５たちつ２０なにぬね５はひふ３０まみむめ５やゐゆ４０らりるれ５わおん５０あいうえ５かきく１０さしすせ５たちつ２０なにぬね５はひふ３０まみむめ５やゐゆ４０らりるれ５わおん５０あいうえ５かきく１０さしすせ５たちつ２０なにぬね５はひふ３０まみむめ５やゐゆ４０らりるれ５わおん５０あいうえ５かきく１０さしすせ５たちつ２０なにぬね５はひふ３０まみむめ５やゐゆ４０らりるれ５わおん５０]]></content:encoded>
		<excerpt:encoded><![CDATA[]]></excerpt:encoded>
		<wp:post_id>9</wp:post_id>
		<wp:post_date><![CDATA[2016-08-09 13:28:00]]></wp:post_date>
		<wp:post_date_gmt><![CDATA[2016-08-09 04:28:00]]></wp:post_date_gmt>
		<wp:comment_status><![CDATA[closed]]></wp:comment_status>
		<wp:ping_status><![CDATA[closed]]></wp:ping_status>
		<wp:post_name><![CDATA[%e3%82%b3%e3%83%b3%e3%83%86%e3%83%b3%e3%83%84b%e8%a6%8b%e5%87%ba%e3%81%97h1%e3%82%b3%e3%83%b3%e3%83%86%e3%83%b3%e3%83%84b%e8%a6%8b%e5%87%ba%e3%81%97h1]]></wp:post_name>
		<wp:status><![CDATA[publish]]></wp:status>
		<wp:post_parent>0</wp:post_parent>
		<wp:menu_order>0</wp:menu_order>
		<wp:post_type><![CDATA[content-b]]></wp:post_type>
		<wp:post_password><![CDATA[]]></wp:post_password>
		<wp:is_sticky>0</wp:is_sticky>
		<category domain="content-b-cat" nicename="category-b-b"><![CDATA[カテゴリB]]></category>
		<wp:postmeta>
			<wp:meta_key><![CDATA[_edit_last]]></wp:meta_key>
			<wp:meta_value><![CDATA[1]]></wp:meta_value>
		</wp:postmeta>
	</item>
	<item>
		<title>コンテンツA</title>
		<link>http://bp-media.iaowd.com/%e3%82%b3%e3%83%b3%e3%83%86%e3%83%b3%e3%83%84a/</link>
		<pubDate>Fri, 04 Nov 2016 01:17:06 +0000</pubDate>
		<dc:creator><![CDATA[na2ken]]></dc:creator>
		<guid isPermaLink="false">http://bp-media.iaowd.com/2016/11/04/%e3%82%b3%e3%83%b3%e3%83%86%e3%83%b3%e3%83%84a/</guid>
		<description></description>
		<content:encoded><![CDATA[]]></content:encoded>
		<excerpt:encoded><![CDATA[]]></excerpt:encoded>
		<wp:post_id>12</wp:post_id>
		<wp:post_date><![CDATA[2016-11-04 10:17:06]]></wp:post_date>
		<wp:post_date_gmt><![CDATA[2016-11-04 01:17:06]]></wp:post_date_gmt>
		<wp:comment_status><![CDATA[closed]]></wp:comment_status>
		<wp:ping_status><![CDATA[closed]]></wp:ping_status>
		<wp:post_name><![CDATA[%e3%82%b3%e3%83%b3%e3%83%86%e3%83%b3%e3%83%84a]]></wp:post_name>
		<wp:status><![CDATA[publish]]></wp:status>
		<wp:post_parent>0</wp:post_parent>
		<wp:menu_order>1</wp:menu_order>
		<wp:post_type><![CDATA[nav_menu_item]]></wp:post_type>
		<wp:post_password><![CDATA[]]></wp:post_password>
		<wp:is_sticky>0</wp:is_sticky>
		<category domain="nav_menu" nicename="fnav-center"><![CDATA[Fnav-center]]></category>
		<wp:postmeta>
			<wp:meta_key><![CDATA[_menu_item_type]]></wp:meta_key>
			<wp:meta_value><![CDATA[custom]]></wp:meta_value>
		</wp:postmeta>
		<wp:postmeta>
			<wp:meta_key><![CDATA[_menu_item_menu_item_parent]]></wp:meta_key>
			<wp:meta_value><![CDATA[0]]></wp:meta_value>
		</wp:postmeta>
		<wp:postmeta>
			<wp:meta_key><![CDATA[_menu_item_object_id]]></wp:meta_key>
			<wp:meta_value><![CDATA[12]]></wp:meta_value>
		</wp:postmeta>
		<wp:postmeta>
			<wp:meta_key><![CDATA[_menu_item_object]]></wp:meta_key>
			<wp:meta_value><![CDATA[custom]]></wp:meta_value>
		</wp:postmeta>
		<wp:postmeta>
			<wp:meta_key><![CDATA[_menu_item_target]]></wp:meta_key>
			<wp:meta_value><![CDATA[]]></wp:meta_value>
		</wp:postmeta>
		<wp:postmeta>
			<wp:meta_key><![CDATA[_menu_item_classes]]></wp:meta_key>
			<wp:meta_value><![CDATA[a:1:{i:0;s:0:"";}]]></wp:meta_value>
		</wp:postmeta>
		<wp:postmeta>
			<wp:meta_key><![CDATA[_menu_item_xfn]]></wp:meta_key>
			<wp:meta_value><![CDATA[]]></wp:meta_value>
		</wp:postmeta>
		<wp:postmeta>
			<wp:meta_key><![CDATA[_menu_item_url]]></wp:meta_key>
			<wp:meta_value><![CDATA[http://bp-media.iaowd.com/content-a/]]></wp:meta_value>
		</wp:postmeta>
	</item>
	<item>
		<title>コンテンツB</title>
		<link>http://bp-media.iaowd.com/%e3%82%b3%e3%83%b3%e3%83%86%e3%83%b3%e3%83%84b/</link>
		<pubDate>Fri, 04 Nov 2016 01:17:06 +0000</pubDate>
		<dc:creator><![CDATA[na2ken]]></dc:creator>
		<guid isPermaLink="false">http://bp-media.iaowd.com/2016/11/04/%e3%82%b3%e3%83%b3%e3%83%86%e3%83%b3%e3%83%84b/</guid>
		<description></description>
		<content:encoded><![CDATA[]]></content:encoded>
		<excerpt:encoded><![CDATA[]]></excerpt:encoded>
		<wp:post_id>13</wp:post_id>
		<wp:post_date><![CDATA[2016-11-04 10:17:06]]></wp:post_date>
		<wp:post_date_gmt><![CDATA[2016-11-04 01:17:06]]></wp:post_date_gmt>
		<wp:comment_status><![CDATA[closed]]></wp:comment_status>
		<wp:ping_status><![CDATA[closed]]></wp:ping_status>
		<wp:post_name><![CDATA[%e3%82%b3%e3%83%b3%e3%83%86%e3%83%b3%e3%83%84b]]></wp:post_name>
		<wp:status><![CDATA[publish]]></wp:status>
		<wp:post_parent>0</wp:post_parent>
		<wp:menu_order>2</wp:menu_order>
		<wp:post_type><![CDATA[nav_menu_item]]></wp:post_type>
		<wp:post_password><![CDATA[]]></wp:post_password>
		<wp:is_sticky>0</wp:is_sticky>
		<category domain="nav_menu" nicename="fnav-center"><![CDATA[Fnav-center]]></category>
		<wp:postmeta>
			<wp:meta_key><![CDATA[_menu_item_type]]></wp:meta_key>
			<wp:meta_value><![CDATA[custom]]></wp:meta_value>
		</wp:postmeta>
		<wp:postmeta>
			<wp:meta_key><![CDATA[_menu_item_menu_item_parent]]></wp:meta_key>
			<wp:meta_value><![CDATA[0]]></wp:meta_value>
		</wp:postmeta>
		<wp:postmeta>
			<wp:meta_key><![CDATA[_menu_item_object_id]]></wp:meta_key>
			<wp:meta_value><![CDATA[13]]></wp:meta_value>
		</wp:postmeta>
		<wp:postmeta>
			<wp:meta_key><![CDATA[_menu_item_object]]></wp:meta_key>
			<wp:meta_value><![CDATA[custom]]></wp:meta_value>
		</wp:postmeta>
		<wp:postmeta>
			<wp:meta_key><![CDATA[_menu_item_target]]></wp:meta_key>
			<wp:meta_value><![CDATA[]]></wp:meta_value>
		</wp:postmeta>
		<wp:postmeta>
			<wp:meta_key><![CDATA[_menu_item_classes]]></wp:meta_key>
			<wp:meta_value><![CDATA[a:1:{i:0;s:0:"";}]]></wp:meta_value>
		</wp:postmeta>
		<wp:postmeta>
			<wp:meta_key><![CDATA[_menu_item_xfn]]></wp:meta_key>
			<wp:meta_value><![CDATA[]]></wp:meta_value>
		</wp:postmeta>
		<wp:postmeta>
			<wp:meta_key><![CDATA[_menu_item_url]]></wp:meta_key>
			<wp:meta_value><![CDATA[http://bp-media.iaowd.com/content-b/]]></wp:meta_value>
		</wp:postmeta>
	</item>
	<item>
		<title>ブログ</title>
		<link>http://bp-media.iaowd.com/%e3%83%96%e3%83%ad%e3%82%b0/</link>
		<pubDate>Fri, 04 Nov 2016 01:17:06 +0000</pubDate>
		<dc:creator><![CDATA[na2ken]]></dc:creator>
		<guid isPermaLink="false">http://bp-media.iaowd.com/2016/11/04/%e3%83%96%e3%83%ad%e3%82%b0/</guid>
		<description></description>
		<content:encoded><![CDATA[]]></content:encoded>
		<excerpt:encoded><![CDATA[]]></excerpt:encoded>
		<wp:post_id>14</wp:post_id>
		<wp:post_date><![CDATA[2016-11-04 10:17:06]]></wp:post_date>
		<wp:post_date_gmt><![CDATA[2016-11-04 01:17:06]]></wp:post_date_gmt>
		<wp:comment_status><![CDATA[closed]]></wp:comment_status>
		<wp:ping_status><![CDATA[closed]]></wp:ping_status>
		<wp:post_name><![CDATA[%e3%83%96%e3%83%ad%e3%82%b0]]></wp:post_name>
		<wp:status><![CDATA[publish]]></wp:status>
		<wp:post_parent>0</wp:post_parent>
		<wp:menu_order>3</wp:menu_order>
		<wp:post_type><![CDATA[nav_menu_item]]></wp:post_type>
		<wp:post_password><![CDATA[]]></wp:post_password>
		<wp:is_sticky>0</wp:is_sticky>
		<category domain="nav_menu" nicename="fnav-center"><![CDATA[Fnav-center]]></category>
		<wp:postmeta>
			<wp:meta_key><![CDATA[_menu_item_type]]></wp:meta_key>
			<wp:meta_value><![CDATA[custom]]></wp:meta_value>
		</wp:postmeta>
		<wp:postmeta>
			<wp:meta_key><![CDATA[_menu_item_menu_item_parent]]></wp:meta_key>
			<wp:meta_value><![CDATA[0]]></wp:meta_value>
		</wp:postmeta>
		<wp:postmeta>
			<wp:meta_key><![CDATA[_menu_item_object_id]]></wp:meta_key>
			<wp:meta_value><![CDATA[14]]></wp:meta_value>
		</wp:postmeta>
		<wp:postmeta>
			<wp:meta_key><![CDATA[_menu_item_object]]></wp:meta_key>
			<wp:meta_value><![CDATA[custom]]></wp:meta_value>
		</wp:postmeta>
		<wp:postmeta>
			<wp:meta_key><![CDATA[_menu_item_target]]></wp:meta_key>
			<wp:meta_value><![CDATA[]]></wp:meta_value>
		</wp:postmeta>
		<wp:postmeta>
			<wp:meta_key><![CDATA[_menu_item_classes]]></wp:meta_key>
			<wp:meta_value><![CDATA[a:1:{i:0;s:0:"";}]]></wp:meta_value>
		</wp:postmeta>
		<wp:postmeta>
			<wp:meta_key><![CDATA[_menu_item_xfn]]></wp:meta_key>
			<wp:meta_value><![CDATA[]]></wp:meta_value>
		</wp:postmeta>
		<wp:postmeta>
			<wp:meta_key><![CDATA[_menu_item_url]]></wp:meta_key>
			<wp:meta_value><![CDATA[http://bp-media.iaowd.com/blog/]]></wp:meta_value>
		</wp:postmeta>
	</item>
	<item>
		<title>コンテンツA</title>
		<link>http://bp-media.iaowd.com/%e3%82%b3%e3%83%b3%e3%83%86%e3%83%b3%e3%83%84a-2/</link>
		<pubDate>Fri, 04 Nov 2016 01:17:06 +0000</pubDate>
		<dc:creator><![CDATA[na2ken]]></dc:creator>
		<guid isPermaLink="false">http://bp-media.iaowd.com/2016/11/04/%e3%82%b3%e3%83%b3%e3%83%86%e3%83%b3%e3%83%84a-2/</guid>
		<description></description>
		<content:encoded><![CDATA[]]></content:encoded>
		<excerpt:encoded><![CDATA[]]></excerpt:encoded>
		<wp:post_id>15</wp:post_id>
		<wp:post_date><![CDATA[2016-11-04 10:17:06]]></wp:post_date>
		<wp:post_date_gmt><![CDATA[2016-11-04 01:17:06]]></wp:post_date_gmt>
		<wp:comment_status><![CDATA[closed]]></wp:comment_status>
		<wp:ping_status><![CDATA[closed]]></wp:ping_status>
		<wp:post_name><![CDATA[%e3%82%b3%e3%83%b3%e3%83%86%e3%83%b3%e3%83%84a-2]]></wp:post_name>
		<wp:status><![CDATA[publish]]></wp:status>
		<wp:post_parent>0</wp:post_parent>
		<wp:menu_order>1</wp:menu_order>
		<wp:post_type><![CDATA[nav_menu_item]]></wp:post_type>
		<wp:post_password><![CDATA[]]></wp:post_password>
		<wp:is_sticky>0</wp:is_sticky>
		<category domain="nav_menu" nicename="gnav"><![CDATA[Gnav]]></category>
		<wp:postmeta>
			<wp:meta_key><![CDATA[_menu_item_type]]></wp:meta_key>
			<wp:meta_value><![CDATA[custom]]></wp:meta_value>
		</wp:postmeta>
		<wp:postmeta>
			<wp:meta_key><![CDATA[_menu_item_menu_item_parent]]></wp:meta_key>
			<wp:meta_value><![CDATA[0]]></wp:meta_value>
		</wp:postmeta>
		<wp:postmeta>
			<wp:meta_key><![CDATA[_menu_item_object_id]]></wp:meta_key>
			<wp:meta_value><![CDATA[15]]></wp:meta_value>
		</wp:postmeta>
		<wp:postmeta>
			<wp:meta_key><![CDATA[_menu_item_object]]></wp:meta_key>
			<wp:meta_value><![CDATA[custom]]></wp:meta_value>
		</wp:postmeta>
		<wp:postmeta>
			<wp:meta_key><![CDATA[_menu_item_target]]></wp:meta_key>
			<wp:meta_value><![CDATA[]]></wp:meta_value>
		</wp:postmeta>
		<wp:postmeta>
			<wp:meta_key><![CDATA[_menu_item_classes]]></wp:meta_key>
			<wp:meta_value><![CDATA[a:1:{i:0;s:0:"";}]]></wp:meta_value>
		</wp:postmeta>
		<wp:postmeta>
			<wp:meta_key><![CDATA[_menu_item_xfn]]></wp:meta_key>
			<wp:meta_value><![CDATA[]]></wp:meta_value>
		</wp:postmeta>
		<wp:postmeta>
			<wp:meta_key><![CDATA[_menu_item_url]]></wp:meta_key>
			<wp:meta_value><![CDATA[http://bp-media.iaowd.com/content-a/]]></wp:meta_value>
		</wp:postmeta>
	</item>
	<item>
		<title>コンテンツB</title>
		<link>http://bp-media.iaowd.com/%e3%82%b3%e3%83%b3%e3%83%86%e3%83%b3%e3%83%84b-2/</link>
		<pubDate>Fri, 04 Nov 2016 01:17:06 +0000</pubDate>
		<dc:creator><![CDATA[na2ken]]></dc:creator>
		<guid isPermaLink="false">http://bp-media.iaowd.com/2016/11/04/%e3%82%b3%e3%83%b3%e3%83%86%e3%83%b3%e3%83%84b-2/</guid>
		<description></description>
		<content:encoded><![CDATA[]]></content:encoded>
		<excerpt:encoded><![CDATA[]]></excerpt:encoded>
		<wp:post_id>16</wp:post_id>
		<wp:post_date><![CDATA[2016-11-04 10:17:06]]></wp:post_date>
		<wp:post_date_gmt><![CDATA[2016-11-04 01:17:06]]></wp:post_date_gmt>
		<wp:comment_status><![CDATA[closed]]></wp:comment_status>
		<wp:ping_status><![CDATA[closed]]></wp:ping_status>
		<wp:post_name><![CDATA[%e3%82%b3%e3%83%b3%e3%83%86%e3%83%b3%e3%83%84b-2]]></wp:post_name>
		<wp:status><![CDATA[publish]]></wp:status>
		<wp:post_parent>0</wp:post_parent>
		<wp:menu_order>2</wp:menu_order>
		<wp:post_type><![CDATA[nav_menu_item]]></wp:post_type>
		<wp:post_password><![CDATA[]]></wp:post_password>
		<wp:is_sticky>0</wp:is_sticky>
		<category domain="nav_menu" nicename="gnav"><![CDATA[Gnav]]></category>
		<wp:postmeta>
			<wp:meta_key><![CDATA[_menu_item_type]]></wp:meta_key>
			<wp:meta_value><![CDATA[custom]]></wp:meta_value>
		</wp:postmeta>
		<wp:postmeta>
			<wp:meta_key><![CDATA[_menu_item_menu_item_parent]]></wp:meta_key>
			<wp:meta_value><![CDATA[0]]></wp:meta_value>
		</wp:postmeta>
		<wp:postmeta>
			<wp:meta_key><![CDATA[_menu_item_object_id]]></wp:meta_key>
			<wp:meta_value><![CDATA[16]]></wp:meta_value>
		</wp:postmeta>
		<wp:postmeta>
			<wp:meta_key><![CDATA[_menu_item_object]]></wp:meta_key>
			<wp:meta_value><![CDATA[custom]]></wp:meta_value>
		</wp:postmeta>
		<wp:postmeta>
			<wp:meta_key><![CDATA[_menu_item_target]]></wp:meta_key>
			<wp:meta_value><![CDATA[]]></wp:meta_value>
		</wp:postmeta>
		<wp:postmeta>
			<wp:meta_key><![CDATA[_menu_item_classes]]></wp:meta_key>
			<wp:meta_value><![CDATA[a:1:{i:0;s:0:"";}]]></wp:meta_value>
		</wp:postmeta>
		<wp:postmeta>
			<wp:meta_key><![CDATA[_menu_item_xfn]]></wp:meta_key>
			<wp:meta_value><![CDATA[]]></wp:meta_value>
		</wp:postmeta>
		<wp:postmeta>
			<wp:meta_key><![CDATA[_menu_item_url]]></wp:meta_key>
			<wp:meta_value><![CDATA[http://bp-media.iaowd.com/content-b/]]></wp:meta_value>
		</wp:postmeta>
	</item>
	<item>
		<title>ブログ</title>
		<link>http://bp-media.iaowd.com/%e3%83%96%e3%83%ad%e3%82%b0-2/</link>
		<pubDate>Fri, 04 Nov 2016 01:17:06 +0000</pubDate>
		<dc:creator><![CDATA[na2ken]]></dc:creator>
		<guid isPermaLink="false">http://bp-media.iaowd.com/2016/11/04/%e3%83%96%e3%83%ad%e3%82%b0-2/</guid>
		<description></description>
		<content:encoded><![CDATA[]]></content:encoded>
		<excerpt:encoded><![CDATA[]]></excerpt:encoded>
		<wp:post_id>17</wp:post_id>
		<wp:post_date><![CDATA[2016-11-04 10:17:06]]></wp:post_date>
		<wp:post_date_gmt><![CDATA[2016-11-04 01:17:06]]></wp:post_date_gmt>
		<wp:comment_status><![CDATA[closed]]></wp:comment_status>
		<wp:ping_status><![CDATA[closed]]></wp:ping_status>
		<wp:post_name><![CDATA[%e3%83%96%e3%83%ad%e3%82%b0-2]]></wp:post_name>
		<wp:status><![CDATA[publish]]></wp:status>
		<wp:post_parent>0</wp:post_parent>
		<wp:menu_order>3</wp:menu_order>
		<wp:post_type><![CDATA[nav_menu_item]]></wp:post_type>
		<wp:post_password><![CDATA[]]></wp:post_password>
		<wp:is_sticky>0</wp:is_sticky>
		<category domain="nav_menu" nicename="gnav"><![CDATA[Gnav]]></category>
		<wp:postmeta>
			<wp:meta_key><![CDATA[_menu_item_type]]></wp:meta_key>
			<wp:meta_value><![CDATA[custom]]></wp:meta_value>
		</wp:postmeta>
		<wp:postmeta>
			<wp:meta_key><![CDATA[_menu_item_menu_item_parent]]></wp:meta_key>
			<wp:meta_value><![CDATA[0]]></wp:meta_value>
		</wp:postmeta>
		<wp:postmeta>
			<wp:meta_key><![CDATA[_menu_item_object_id]]></wp:meta_key>
			<wp:meta_value><![CDATA[17]]></wp:meta_value>
		</wp:postmeta>
		<wp:postmeta>
			<wp:meta_key><![CDATA[_menu_item_object]]></wp:meta_key>
			<wp:meta_value><![CDATA[custom]]></wp:meta_value>
		</wp:postmeta>
		<wp:postmeta>
			<wp:meta_key><![CDATA[_menu_item_target]]></wp:meta_key>
			<wp:meta_value><![CDATA[]]></wp:meta_value>
		</wp:postmeta>
		<wp:postmeta>
			<wp:meta_key><![CDATA[_menu_item_classes]]></wp:meta_key>
			<wp:meta_value><![CDATA[a:1:{i:0;s:0:"";}]]></wp:meta_value>
		</wp:postmeta>
		<wp:postmeta>
			<wp:meta_key><![CDATA[_menu_item_xfn]]></wp:meta_key>
			<wp:meta_value><![CDATA[]]></wp:meta_value>
		</wp:postmeta>
		<wp:postmeta>
			<wp:meta_key><![CDATA[_menu_item_url]]></wp:meta_key>
			<wp:meta_value><![CDATA[http://bp-media.iaowd.com/blog/]]></wp:meta_value>
		</wp:postmeta>
	</item>
	<item>
		<title></title>
		<link>http://bp-media.iaowd.com/18/</link>
		<pubDate>Fri, 04 Nov 2016 01:17:06 +0000</pubDate>
		<dc:creator><![CDATA[na2ken]]></dc:creator>
		<guid isPermaLink="false">http://bp-media.iaowd.com/2016/11/04/</guid>
		<description></description>
		<content:encoded><![CDATA[ ]]></content:encoded>
		<excerpt:encoded><![CDATA[]]></excerpt:encoded>
		<wp:post_id>18</wp:post_id>
		<wp:post_date><![CDATA[2016-11-04 10:17:06]]></wp:post_date>
		<wp:post_date_gmt><![CDATA[2016-11-04 01:17:06]]></wp:post_date_gmt>
		<wp:comment_status><![CDATA[closed]]></wp:comment_status>
		<wp:ping_status><![CDATA[closed]]></wp:ping_status>
		<wp:post_name><![CDATA[18]]></wp:post_name>
		<wp:status><![CDATA[publish]]></wp:status>
		<wp:post_parent>0</wp:post_parent>
		<wp:menu_order>1</wp:menu_order>
		<wp:post_type><![CDATA[nav_menu_item]]></wp:post_type>
		<wp:post_password><![CDATA[]]></wp:post_password>
		<wp:is_sticky>0</wp:is_sticky>
		<category domain="nav_menu" nicename="fnav-left"><![CDATA[Fnav-left]]></category>
		<wp:postmeta>
			<wp:meta_key><![CDATA[_menu_item_type]]></wp:meta_key>
			<wp:meta_value><![CDATA[post_type]]></wp:meta_value>
		</wp:postmeta>
		<wp:postmeta>
			<wp:meta_key><![CDATA[_menu_item_menu_item_parent]]></wp:meta_key>
			<wp:meta_value><![CDATA[0]]></wp:meta_value>
		</wp:postmeta>
		<wp:postmeta>
			<wp:meta_key><![CDATA[_menu_item_object_id]]></wp:meta_key>
			<wp:meta_value><![CDATA[7]]></wp:meta_value>
		</wp:postmeta>
		<wp:postmeta>
			<wp:meta_key><![CDATA[_menu_item_object]]></wp:meta_key>
			<wp:meta_value><![CDATA[page]]></wp:meta_value>
		</wp:postmeta>
		<wp:postmeta>
			<wp:meta_key><![CDATA[_menu_item_target]]></wp:meta_key>
			<wp:meta_value><![CDATA[]]></wp:meta_value>
		</wp:postmeta>
		<wp:postmeta>
			<wp:meta_key><![CDATA[_menu_item_classes]]></wp:meta_key>
			<wp:meta_value><![CDATA[a:1:{i:0;s:0:"";}]]></wp:meta_value>
		</wp:postmeta>
		<wp:postmeta>
			<wp:meta_key><![CDATA[_menu_item_xfn]]></wp:meta_key>
			<wp:meta_value><![CDATA[]]></wp:meta_value>
		</wp:postmeta>
		<wp:postmeta>
			<wp:meta_key><![CDATA[_menu_item_url]]></wp:meta_key>
			<wp:meta_value><![CDATA[]]></wp:meta_value>
		</wp:postmeta>
	</item>
	<item>
		<title>コンテンツA#2 見出しH1コンテンツA#2 見出しH1コンテンツA#2 見出しH1</title>
		<link>http://bp-media.iaowd.com/content-a/%e3%82%b3%e3%83%b3%e3%83%86%e3%83%b3%e3%83%84a2/</link>
		<pubDate>Tue, 09 Aug 2016 05:14:14 +0000</pubDate>
		<dc:creator><![CDATA[na2ken]]></dc:creator>
		<guid isPermaLink="false">http://na2ken.com/bootpress/?post_type=content-a&#038;p=25</guid>
		<description></description>
		<content:encoded><![CDATA[あいうえ５かきく１０さしすせ５たちつ２０なにぬね５はひふ３０まみむめ５やゐゆ４０らりるれ５わおん５０あいうえ５かきく１０さしすせ５たちつ２０なにぬね５はひふ３０まみむめ５やゐゆ４０らりるれ５わおん５０あいうえ５かきく１０さしすせ５たちつ２０なにぬね５はひふ３０まみむめ５やゐゆ４０らりるれ５わおん５０あいうえ５かきく１０さしすせ５たちつ２０なにぬね５はひふ３０まみむめ５やゐゆ４０らりるれ５わおん５０

あいうえ５かきく１０さしすせ５たちつ２０なにぬね５はひふ３０まみむめ５やゐゆ４０らりるれ５わおん５０あいうえ５かきく１０さしすせ５たちつ２０なにぬね５はひふ３０まみむめ５やゐゆ４０らりるれ５わおん５０あいうえ５かきく１０さしすせ５たちつ２０なにぬね５はひふ３０まみむめ５やゐゆ４０らりるれ５わおん５０あいうえ５かきく１０さしすせ５たちつ２０なにぬね５はひふ３０まみむめ５やゐゆ４０らりるれ５わおん５０
]]></content:encoded>
		<excerpt:encoded><![CDATA[]]></excerpt:encoded>
		<wp:post_id>25</wp:post_id>
		<wp:post_date><![CDATA[2016-08-09 14:14:14]]></wp:post_date>
		<wp:post_date_gmt><![CDATA[2016-08-09 05:14:14]]></wp:post_date_gmt>
		<wp:comment_status><![CDATA[closed]]></wp:comment_status>
		<wp:ping_status><![CDATA[closed]]></wp:ping_status>
		<wp:post_name><![CDATA[%e3%82%b3%e3%83%b3%e3%83%86%e3%83%b3%e3%83%84a2]]></wp:post_name>
		<wp:status><![CDATA[publish]]></wp:status>
		<wp:post_parent>0</wp:post_parent>
		<wp:menu_order>0</wp:menu_order>
		<wp:post_type><![CDATA[content-a]]></wp:post_type>
		<wp:post_password><![CDATA[]]></wp:post_password>
		<wp:is_sticky>0</wp:is_sticky>
		<category domain="content-a-cat" nicename="category-a-b"><![CDATA[カテゴリB]]></category>
		<wp:postmeta>
			<wp:meta_key><![CDATA[_edit_last]]></wp:meta_key>
			<wp:meta_value><![CDATA[1]]></wp:meta_value>
		</wp:postmeta>
	</item>
	<item>
		<title>コンテンツA#3 見出し</title>
		<link>http://bp-media.iaowd.com/content-a/%e3%82%b3%e3%83%b3%e3%83%86%e3%83%b3%e3%83%84a3/</link>
		<pubDate>Tue, 09 Aug 2016 05:14:53 +0000</pubDate>
		<dc:creator><![CDATA[na2ken]]></dc:creator>
		<guid isPermaLink="false">http://na2ken.com/bootpress/?post_type=content-a&#038;p=26</guid>
		<description></description>
		<content:encoded><![CDATA[コンテンツA#3見出しのタイトルは文字数が少ないバージョンです。あいうえ５かきく１０さしすせ５たちつ２０なにぬね５はひふ３０まみむめ５やゐゆ４０らりるれ５わおん５０あいうえ５かきく１０さしすせ５たちつ２０なにぬね５はひふ３０まみむめ５やゐゆ４０らりるれ５わおん５０あいうえ５かきく１０さしすせ５たちつ２０なにぬね５はひふ３０まみむめ５やゐゆ４０らりるれ５わおん５０あいうえ５かきく１０さしすせ５たちつ２０なにぬね５はひふ３０まみむめ５やゐゆ４０らりるれ５わおん５０

あいうえ５かきく１０さしすせ５たちつ２０なにぬね５はひふ３０まみむめ５やゐゆ４０らりるれ５わおん５０あいうえ５かきく１０さしすせ５たちつ２０なにぬね５はひふ３０まみむめ５やゐゆ４０らりるれ５わおん５０あいうえ５かきく１０さしすせ５たちつ２０なにぬね５はひふ３０まみむめ５やゐゆ４０らりるれ５わおん５０あいうえ５かきく１０さしすせ５たちつ２０なにぬね５はひふ３０まみむめ５やゐゆ４０らりるれ５わおん５０
]]></content:encoded>
		<excerpt:encoded><![CDATA[]]></excerpt:encoded>
		<wp:post_id>26</wp:post_id>
		<wp:post_date><![CDATA[2016-08-09 14:14:53]]></wp:post_date>
		<wp:post_date_gmt><![CDATA[2016-08-09 05:14:53]]></wp:post_date_gmt>
		<wp:comment_status><![CDATA[closed]]></wp:comment_status>
		<wp:ping_status><![CDATA[closed]]></wp:ping_status>
		<wp:post_name><![CDATA[%e3%82%b3%e3%83%b3%e3%83%86%e3%83%b3%e3%83%84a3]]></wp:post_name>
		<wp:status><![CDATA[publish]]></wp:status>
		<wp:post_parent>0</wp:post_parent>
		<wp:menu_order>0</wp:menu_order>
		<wp:post_type><![CDATA[content-a]]></wp:post_type>
		<wp:post_password><![CDATA[]]></wp:post_password>
		<wp:is_sticky>0</wp:is_sticky>
		<category domain="content-a-cat" nicename="category-a-a"><![CDATA[カテゴリA]]></category>
		<wp:postmeta>
			<wp:meta_key><![CDATA[_edit_last]]></wp:meta_key>
			<wp:meta_value><![CDATA[1]]></wp:meta_value>
		</wp:postmeta>
		<wp:postmeta>
			<wp:meta_key><![CDATA[_wp_old_slug]]></wp:meta_key>
			<wp:meta_value><![CDATA[%e3%82%b3%e3%83%b3%e3%83%86%e3%83%b3%e3%83%84a3-%e8%a6%8b%e5%87%ba%e3%81%97h1%e3%82%b3%e3%83%b3%e3%83%86%e3%83%b3%e3%83%84a3-%e8%a6%8b%e5%87%ba%e3%81%97h1]]></wp:meta_value>
		</wp:postmeta>
	</item>
	<item>
		<title>コンテンツA#4 見出しH1コンテンツA#4</title>
		<link>http://bp-media.iaowd.com/content-a/%e3%82%b3%e3%83%b3%e3%83%86%e3%83%b3%e3%83%84a4/</link>
		<pubDate>Tue, 09 Aug 2016 05:15:42 +0000</pubDate>
		<dc:creator><![CDATA[na2ken]]></dc:creator>
		<guid isPermaLink="false">http://na2ken.com/bootpress/?post_type=content-a&#038;p=27</guid>
		<description></description>
		<content:encoded><![CDATA[あいうえ５かきく１０さしすせ５たちつ２０なにぬね５はひふ３０まみむめ５やゐゆ４０らりるれ５わおん５０あいうえ５かきく１０さしすせ５たちつ２０なにぬね５はひふ３０まみむめ５やゐゆ４０らりるれ５わおん５０あいうえ５かきく１０さしすせ５たちつ２０なにぬね５はひふ３０まみむめ５やゐゆ４０らりるれ５わおん５０あいうえ５かきく１０さしすせ５たちつ２０なにぬね５はひふ３０まみむめ５やゐゆ４０らりるれ５わおん５０

あいうえ５かきく１０さしすせ５たちつ２０なにぬね５はひふ３０まみむめ５やゐゆ４０らりるれ５わおん５０あいうえ５かきく１０さしすせ５たちつ２０なにぬね５はひふ３０まみむめ５やゐゆ４０らりるれ５わおん５０あいうえ５かきく１０さしすせ５たちつ２０なにぬね５はひふ３０まみむめ５やゐゆ４０らりるれ５わおん５０あいうえ５かきく１０さしすせ５たちつ２０なにぬね５はひふ３０まみむめ５やゐゆ４０らりるれ５わおん５０
]]></content:encoded>
		<excerpt:encoded><![CDATA[]]></excerpt:encoded>
		<wp:post_id>27</wp:post_id>
		<wp:post_date><![CDATA[2016-08-09 14:15:42]]></wp:post_date>
		<wp:post_date_gmt><![CDATA[2016-08-09 05:15:42]]></wp:post_date_gmt>
		<wp:comment_status><![CDATA[closed]]></wp:comment_status>
		<wp:ping_status><![CDATA[closed]]></wp:ping_status>
		<wp:post_name><![CDATA[%e3%82%b3%e3%83%b3%e3%83%86%e3%83%b3%e3%83%84a4]]></wp:post_name>
		<wp:status><![CDATA[publish]]></wp:status>
		<wp:post_parent>0</wp:post_parent>
		<wp:menu_order>0</wp:menu_order>
		<wp:post_type><![CDATA[content-a]]></wp:post_type>
		<wp:post_password><![CDATA[]]></wp:post_password>
		<wp:is_sticky>0</wp:is_sticky>
		<category domain="content-a-cat" nicename="category-a-b"><![CDATA[カテゴリB]]></category>
		<wp:postmeta>
			<wp:meta_key><![CDATA[_edit_last]]></wp:meta_key>
			<wp:meta_value><![CDATA[1]]></wp:meta_value>
		</wp:postmeta>
		<wp:postmeta>
			<wp:meta_key><![CDATA[_wp_old_slug]]></wp:meta_key>
			<wp:meta_value><![CDATA[%e3%82%b3%e3%83%b3%e3%83%86%e3%83%b3%e3%83%84a4-%e8%a6%8b%e5%87%ba%e3%81%97h1%e3%82%b3%e3%83%b3%e3%83%86%e3%83%b3%e3%83%84a4-%e8%a6%8b%e5%87%ba%e3%81%97h1]]></wp:meta_value>
		</wp:postmeta>
	</item>
	<item>
		<title>コンテンツA#5 見出しH1コンテンツA#5 見出しH1</title>
		<link>http://bp-media.iaowd.com/content-a/%e3%82%b3%e3%83%b3%e3%83%86%e3%83%b3%e3%83%84a5/</link>
		<pubDate>Tue, 09 Aug 2016 05:17:05 +0000</pubDate>
		<dc:creator><![CDATA[na2ken]]></dc:creator>
		<guid isPermaLink="false">http://na2ken.com/bootpress/?post_type=content-a&#038;p=28</guid>
		<description></description>
		<content:encoded><![CDATA[ABCDEFG123456790あいうえ５かきく１０さしすせ５たちつ２０なにぬね５はひふ３０まみむめ５やゐゆ４０らりるれ５わおん５０あいうえ５かきく１０さしすせ５たちつ２０なにぬね５はひふ３０まみむめ５やゐゆ４０らりるれ５わおん５０

あいうえ５かきく１０さしすせ５たちつ２０なにぬね５はひふ３０まみむめ５やゐゆ４０らりるれ５わおん５０あいうえ５かきく１０さしすせ５たちつ２０なにぬね５はひふ３０まみむめ５やゐゆ４０らりるれ５わおん５０あいうえ５かきく１０さしすせ５たちつ２０なにぬね５はひふ３０まみむめ５やゐゆ４０らりるれ５わおん５０あいうえ５かきく１０さしすせ５たちつ２０なにぬね５はひふ３０まみむめ５やゐゆ４０らりるれ５わおん５０
]]></content:encoded>
		<excerpt:encoded><![CDATA[]]></excerpt:encoded>
		<wp:post_id>28</wp:post_id>
		<wp:post_date><![CDATA[2016-08-09 14:17:05]]></wp:post_date>
		<wp:post_date_gmt><![CDATA[2016-08-09 05:17:05]]></wp:post_date_gmt>
		<wp:comment_status><![CDATA[closed]]></wp:comment_status>
		<wp:ping_status><![CDATA[closed]]></wp:ping_status>
		<wp:post_name><![CDATA[%e3%82%b3%e3%83%b3%e3%83%86%e3%83%b3%e3%83%84a5]]></wp:post_name>
		<wp:status><![CDATA[publish]]></wp:status>
		<wp:post_parent>0</wp:post_parent>
		<wp:menu_order>0</wp:menu_order>
		<wp:post_type><![CDATA[content-a]]></wp:post_type>
		<wp:post_password><![CDATA[]]></wp:post_password>
		<wp:is_sticky>0</wp:is_sticky>
		<category domain="content-a-cat" nicename="category-a-a"><![CDATA[カテゴリA]]></category>
		<wp:postmeta>
			<wp:meta_key><![CDATA[_edit_last]]></wp:meta_key>
			<wp:meta_value><![CDATA[1]]></wp:meta_value>
		</wp:postmeta>
		<wp:postmeta>
			<wp:meta_key><![CDATA[_wp_old_slug]]></wp:meta_key>
			<wp:meta_value><![CDATA[%e3%82%b3%e3%83%b3%e3%83%86%e3%83%b3%e3%83%84a3-%e8%a6%8b%e5%87%ba%e3%81%97h1%e3%82%b3%e3%83%b3%e3%83%86%e3%83%b3%e3%83%84a3-%e8%a6%8b%e5%87%ba%e3%81%97h1]]></wp:meta_value>
		</wp:postmeta>
		<wp:postmeta>
			<wp:meta_key><![CDATA[_wp_old_slug]]></wp:meta_key>
			<wp:meta_value><![CDATA[%e3%82%b3%e3%83%b3%e3%83%86%e3%83%b3%e3%83%84b2]]></wp:meta_value>
		</wp:postmeta>
		<wp:postmeta>
			<wp:meta_key><![CDATA[_wp_old_slug]]></wp:meta_key>
			<wp:meta_value><![CDATA[%e3%82%b3%e3%83%b3%e3%83%86%e3%83%b3%e3%83%84a7]]></wp:meta_value>
		</wp:postmeta>
	</item>
	<item>
		<title>コンテンツA#6 あいうえ５かきく１０</title>
		<link>http://bp-media.iaowd.com/content-a/%e3%82%b3%e3%83%b3%e3%83%86%e3%83%b3%e3%83%84a6/</link>
		<pubDate>Tue, 09 Aug 2016 05:17:56 +0000</pubDate>
		<dc:creator><![CDATA[na2ken]]></dc:creator>
		<guid isPermaLink="false">http://na2ken.com/bootpress/?post_type=content-a&#038;p=29</guid>
		<description></description>
		<content:encoded><![CDATA[あいうえ５かきく１０さしすせ５たちつ２０なにぬね５はひふ３０まみむめ５やゐゆ４０らりるれ５わおん５０あいうえ５かきく１０さしすせ５たちつ２０なにぬね５はひふ３０まみむめ５やゐゆ４０らりるれ５わおん５０あいうえ５かきく１０さしすせ５たちつ２０なにぬね５はひふ３０まみむめ５やゐゆ４０らりるれ５わおん５０あいうえ５かきく１０さしすせ５たちつ２０なにぬね５はひふ３０まみむめ５やゐゆ４０らりるれ５わおん５０

あいうえ５かきく１０さしすせ５たちつ２０なにぬね５はひふ３０まみむめ５やゐゆ４０らりるれ５わおん５０あいうえ５かきく１０さしすせ５たちつ２０なにぬね５はひふ３０まみむめ５やゐゆ４０らりるれ５わおん５０あいうえ５かきく１０さしすせ５たちつ２０なにぬね５はひふ３０まみむめ５やゐゆ４０らりるれ５わおん５０あいうえ５かきく１０さしすせ５たちつ２０なにぬね５はひふ３０まみむめ５やゐゆ４０らりるれ５わおん５０]]></content:encoded>
		<excerpt:encoded><![CDATA[]]></excerpt:encoded>
		<wp:post_id>29</wp:post_id>
		<wp:post_date><![CDATA[2016-08-09 14:17:56]]></wp:post_date>
		<wp:post_date_gmt><![CDATA[2016-08-09 05:17:56]]></wp:post_date_gmt>
		<wp:comment_status><![CDATA[open]]></wp:comment_status>
		<wp:ping_status><![CDATA[closed]]></wp:ping_status>
		<wp:post_name><![CDATA[%e3%82%b3%e3%83%b3%e3%83%86%e3%83%b3%e3%83%84a6]]></wp:post_name>
		<wp:status><![CDATA[publish]]></wp:status>
		<wp:post_parent>0</wp:post_parent>
		<wp:menu_order>0</wp:menu_order>
		<wp:post_type><![CDATA[content-a]]></wp:post_type>
		<wp:post_password><![CDATA[]]></wp:post_password>
		<wp:is_sticky>0</wp:is_sticky>
		<category domain="content-a-cat" nicename="category-a-b"><![CDATA[カテゴリB]]></category>
		<wp:postmeta>
			<wp:meta_key><![CDATA[_edit_last]]></wp:meta_key>
			<wp:meta_value><![CDATA[1]]></wp:meta_value>
		</wp:postmeta>
		<wp:postmeta>
			<wp:meta_key><![CDATA[_wp_old_slug]]></wp:meta_key>
			<wp:meta_value><![CDATA[%e3%82%b3%e3%83%b3%e3%83%86%e3%83%b3%e3%83%84a6-%e8%a6%8b%e5%87%ba%e3%81%97h1%e3%82%b3%e3%83%b3%e3%83%86%e3%83%b3%e3%83%84a6-%e8%a6%8b%e5%87%ba%e3%81%97h1]]></wp:meta_value>
		</wp:postmeta>
	</item>
	<item>
		<title>コンテンツB#2 見出しH1コンテンツB#2 見出しH1</title>
		<link>http://bp-media.iaowd.com/content-b/%e3%82%b3%e3%83%b3%e3%83%86%e3%83%b3%e3%83%84b2-%e8%a6%8b%e5%87%ba%e3%81%97h1%e3%82%b3%e3%83%b3%e3%83%86%e3%83%b3%e3%83%84b2-%e8%a6%8b%e5%87%ba%e3%81%97h1/</link>
		<pubDate>Tue, 09 Aug 2016 05:21:18 +0000</pubDate>
		<dc:creator><![CDATA[na2ken]]></dc:creator>
		<guid isPermaLink="false">http://na2ken.com/bootpress/?post_type=content-b&#038;p=31</guid>
		<description></description>
		<content:encoded><![CDATA[あいうえ５かきく１０さしすせ５たちつ２０なにぬね５はひふ３０まみむめ５やゐゆ４０らりるれ５わおん５０あいうえ５かきく１０さしすせ５たちつ２０なにぬね５はひふ３０まみむめ５やゐゆ４０らりるれ５わおん５０あいうえ５かきく１０さしすせ５たちつ２０なにぬね５はひふ３０まみむめ５やゐゆ４０らりるれ５わおん５０あいうえ５かきく１０さしすせ５たちつ２０なにぬね５はひふ３０まみむめ５やゐゆ４０らりるれ５わおん５０

あいうえ５かきく１０さしすせ５たちつ２０なにぬね５はひふ３０まみむめ５やゐゆ４０らりるれ５わおん５０あいうえ５かきく１０さしすせ５たちつ２０なにぬね５はひふ３０まみむめ５やゐゆ４０らりるれ５わおん５０あいうえ５かきく１０さしすせ５たちつ２０なにぬね５はひふ３０まみむめ５やゐゆ４０らりるれ５わおん５０あいうえ５かきく１０さしすせ５たちつ２０なにぬね５はひふ３０まみむめ５やゐゆ４０らりるれ５わおん５０
]]></content:encoded>
		<excerpt:encoded><![CDATA[]]></excerpt:encoded>
		<wp:post_id>31</wp:post_id>
		<wp:post_date><![CDATA[2016-08-09 14:21:18]]></wp:post_date>
		<wp:post_date_gmt><![CDATA[2016-08-09 05:21:18]]></wp:post_date_gmt>
		<wp:comment_status><![CDATA[closed]]></wp:comment_status>
		<wp:ping_status><![CDATA[closed]]></wp:ping_status>
		<wp:post_name><![CDATA[%e3%82%b3%e3%83%b3%e3%83%86%e3%83%b3%e3%83%84b2-%e8%a6%8b%e5%87%ba%e3%81%97h1%e3%82%b3%e3%83%b3%e3%83%86%e3%83%b3%e3%83%84b2-%e8%a6%8b%e5%87%ba%e3%81%97h1]]></wp:post_name>
		<wp:status><![CDATA[publish]]></wp:status>
		<wp:post_parent>0</wp:post_parent>
		<wp:menu_order>0</wp:menu_order>
		<wp:post_type><![CDATA[content-b]]></wp:post_type>
		<wp:post_password><![CDATA[]]></wp:post_password>
		<wp:is_sticky>0</wp:is_sticky>
		<category domain="content-b-cat" nicename="category-b-a"><![CDATA[カテゴリA]]></category>
		<wp:postmeta>
			<wp:meta_key><![CDATA[_edit_last]]></wp:meta_key>
			<wp:meta_value><![CDATA[1]]></wp:meta_value>
		</wp:postmeta>
	</item>
	<item>
		<title>コンテンツB#3 見出しH1コンテンツB#3</title>
		<link>http://bp-media.iaowd.com/content-b/%e3%82%b3%e3%83%b3%e3%83%86%e3%83%b3%e3%83%84b3/</link>
		<pubDate>Tue, 09 Aug 2016 05:23:33 +0000</pubDate>
		<dc:creator><![CDATA[na2ken]]></dc:creator>
		<guid isPermaLink="false">http://na2ken.com/bootpress/?post_type=content-b&#038;p=32</guid>
		<description></description>
		<content:encoded><![CDATA[あいうえ５かきく１０さしすせ５たちつ２０なにぬね５はひふ３０まみむめ５やゐゆ４０らりるれ５わおん５０あいうえ５かきく１０さしすせ５たちつ２０なにぬね５はひふ３０まみむめ５やゐゆ４０らりるれ５わおん５０あいうえ５かきく１０さしすせ５たちつ２０なにぬね５はひふ３０まみむめ５やゐゆ４０らりるれ５わおん５０あいうえ５かきく１０さしすせ５たちつ２０なにぬね５はひふ３０まみむめ５やゐゆ４０らりるれ５わおん５０

あいうえ５かきく１０さしすせ５たちつ２０なにぬね５はひふ３０まみむめ５やゐゆ４０らりるれ５わおん５０あいうえ５かきく１０さしすせ５たちつ２０なにぬね５はひふ３０まみむめ５やゐゆ４０らりるれ５わおん５０あいうえ５かきく１０さしすせ５たちつ２０なにぬね５はひふ３０まみむめ５やゐゆ４０らりるれ５わおん５０あいうえ５かきく１０さしすせ５たちつ２０なにぬね５はひふ３０まみむめ５やゐゆ４０らりるれ５わおん５０
]]></content:encoded>
		<excerpt:encoded><![CDATA[]]></excerpt:encoded>
		<wp:post_id>32</wp:post_id>
		<wp:post_date><![CDATA[2016-08-09 14:23:33]]></wp:post_date>
		<wp:post_date_gmt><![CDATA[2016-08-09 05:23:33]]></wp:post_date_gmt>
		<wp:comment_status><![CDATA[closed]]></wp:comment_status>
		<wp:ping_status><![CDATA[closed]]></wp:ping_status>
		<wp:post_name><![CDATA[%e3%82%b3%e3%83%b3%e3%83%86%e3%83%b3%e3%83%84b3]]></wp:post_name>
		<wp:status><![CDATA[publish]]></wp:status>
		<wp:post_parent>0</wp:post_parent>
		<wp:menu_order>0</wp:menu_order>
		<wp:post_type><![CDATA[content-b]]></wp:post_type>
		<wp:post_password><![CDATA[]]></wp:post_password>
		<wp:is_sticky>0</wp:is_sticky>
		<category domain="content-b-cat" nicename="category-b-b"><![CDATA[カテゴリB]]></category>
		<wp:postmeta>
			<wp:meta_key><![CDATA[_edit_last]]></wp:meta_key>
			<wp:meta_value><![CDATA[1]]></wp:meta_value>
		</wp:postmeta>
		<wp:postmeta>
			<wp:meta_key><![CDATA[_wp_old_slug]]></wp:meta_key>
			<wp:meta_value><![CDATA[%e3%82%b3%e3%83%b3%e3%83%86%e3%83%b3%e3%83%84b3-%e8%a6%8b%e5%87%ba%e3%81%97h1%e3%82%b3%e3%83%b3%e3%83%86%e3%83%b3%e3%83%84b3-%e8%a6%8b%e5%87%ba%e3%81%97h1]]></wp:meta_value>
		</wp:postmeta>
	</item>
	<item>
		<title>コンテンツB#4 見出しH1コンテンツB#4 見出しH1</title>
		<link>http://bp-media.iaowd.com/content-b/%e3%82%b3%e3%83%b3%e3%83%86%e3%83%b3%e3%83%84b4/</link>
		<pubDate>Tue, 09 Aug 2016 05:24:52 +0000</pubDate>
		<dc:creator><![CDATA[na2ken]]></dc:creator>
		<guid isPermaLink="false">http://na2ken.com/bootpress/?post_type=content-b&#038;p=33</guid>
		<description></description>
		<content:encoded><![CDATA[あいうえ５かきく１０さしすせ５たちつ２０なにぬね５はひふ３０まみむめ５やゐゆ４０らりるれ５わおん５０あいうえ５かきく１０さしすせ５たちつ２０なにぬね５はひふ３０まみむめ５やゐゆ４０らりるれ５わおん５０あいうえ５かきく１０さしすせ５たちつ２０なにぬね５はひふ３０まみむめ５やゐゆ４０らりるれ５わおん５０あいうえ５かきく１０さしすせ５たちつ２０なにぬね５はひふ３０まみむめ５やゐゆ４０らりるれ５わおん５０

あいうえ５かきく１０さしすせ５たちつ２０なにぬね５はひふ３０まみむめ５やゐゆ４０らりるれ５わおん５０あいうえ５かきく１０さしすせ５たちつ２０なにぬね５はひふ３０まみむめ５やゐゆ４０らりるれ５わおん５０あいうえ５かきく１０さしすせ５たちつ２０なにぬね５はひふ３０まみむめ５やゐゆ４０らりるれ５わおん５０あいうえ５かきく１０さしすせ５たちつ２０なにぬね５はひふ３０まみむめ５やゐゆ４０らりるれ５わおん５０
]]></content:encoded>
		<excerpt:encoded><![CDATA[]]></excerpt:encoded>
		<wp:post_id>33</wp:post_id>
		<wp:post_date><![CDATA[2016-08-09 14:24:52]]></wp:post_date>
		<wp:post_date_gmt><![CDATA[2016-08-09 05:24:52]]></wp:post_date_gmt>
		<wp:comment_status><![CDATA[open]]></wp:comment_status>
		<wp:ping_status><![CDATA[closed]]></wp:ping_status>
		<wp:post_name><![CDATA[%e3%82%b3%e3%83%b3%e3%83%86%e3%83%b3%e3%83%84b4]]></wp:post_name>
		<wp:status><![CDATA[publish]]></wp:status>
		<wp:post_parent>0</wp:post_parent>
		<wp:menu_order>0</wp:menu_order>
		<wp:post_type><![CDATA[content-b]]></wp:post_type>
		<wp:post_password><![CDATA[]]></wp:post_password>
		<wp:is_sticky>0</wp:is_sticky>
		<category domain="content-b-cat" nicename="category-b-a"><![CDATA[カテゴリA]]></category>
		<wp:postmeta>
			<wp:meta_key><![CDATA[_edit_last]]></wp:meta_key>
			<wp:meta_value><![CDATA[1]]></wp:meta_value>
		</wp:postmeta>
	</item>
	<item>
		<title></title>
		<link>http://bp-media.iaowd.com/36/</link>
		<pubDate>Fri, 04 Nov 2016 01:19:44 +0000</pubDate>
		<dc:creator><![CDATA[na2ken]]></dc:creator>
		<guid isPermaLink="false">http://bp-media.iaowd.com/?p=36</guid>
		<description></description>
		<content:encoded><![CDATA[ ]]></content:encoded>
		<excerpt:encoded><![CDATA[]]></excerpt:encoded>
		<wp:post_id>36</wp:post_id>
		<wp:post_date><![CDATA[2016-11-04 10:19:44]]></wp:post_date>
		<wp:post_date_gmt><![CDATA[2016-11-04 01:19:44]]></wp:post_date_gmt>
		<wp:comment_status><![CDATA[closed]]></wp:comment_status>
		<wp:ping_status><![CDATA[closed]]></wp:ping_status>
		<wp:post_name><![CDATA[36]]></wp:post_name>
		<wp:status><![CDATA[publish]]></wp:status>
		<wp:post_parent>0</wp:post_parent>
		<wp:menu_order>1</wp:menu_order>
		<wp:post_type><![CDATA[nav_menu_item]]></wp:post_type>
		<wp:post_password><![CDATA[]]></wp:post_password>
		<wp:is_sticky>0</wp:is_sticky>
		<category domain="nav_menu" nicename="fnav-right"><![CDATA[Fnav-right]]></category>
		<wp:postmeta>
			<wp:meta_key><![CDATA[_menu_item_type]]></wp:meta_key>
			<wp:meta_value><![CDATA[post_type]]></wp:meta_value>
		</wp:postmeta>
		<wp:postmeta>
			<wp:meta_key><![CDATA[_menu_item_menu_item_parent]]></wp:meta_key>
			<wp:meta_value><![CDATA[0]]></wp:meta_value>
		</wp:postmeta>
		<wp:postmeta>
			<wp:meta_key><![CDATA[_menu_item_object_id]]></wp:meta_key>
			<wp:meta_value><![CDATA[11]]></wp:meta_value>
		</wp:postmeta>
		<wp:postmeta>
			<wp:meta_key><![CDATA[_menu_item_object]]></wp:meta_key>
			<wp:meta_value><![CDATA[page]]></wp:meta_value>
		</wp:postmeta>
		<wp:postmeta>
			<wp:meta_key><![CDATA[_menu_item_target]]></wp:meta_key>
			<wp:meta_value><![CDATA[]]></wp:meta_value>
		</wp:postmeta>
		<wp:postmeta>
			<wp:meta_key><![CDATA[_menu_item_classes]]></wp:meta_key>
			<wp:meta_value><![CDATA[a:1:{i:0;s:0:"";}]]></wp:meta_value>
		</wp:postmeta>
		<wp:postmeta>
			<wp:meta_key><![CDATA[_menu_item_xfn]]></wp:meta_key>
			<wp:meta_value><![CDATA[]]></wp:meta_value>
		</wp:postmeta>
		<wp:postmeta>
			<wp:meta_key><![CDATA[_menu_item_url]]></wp:meta_key>
			<wp:meta_value><![CDATA[]]></wp:meta_value>
		</wp:postmeta>
	</item>
	<item>
		<title></title>
		<link>http://bp-media.iaowd.com/37/</link>
		<pubDate>Fri, 04 Nov 2016 01:19:44 +0000</pubDate>
		<dc:creator><![CDATA[na2ken]]></dc:creator>
		<guid isPermaLink="false">http://bp-media.iaowd.com/?p=37</guid>
		<description></description>
		<content:encoded><![CDATA[ ]]></content:encoded>
		<excerpt:encoded><![CDATA[]]></excerpt:encoded>
		<wp:post_id>37</wp:post_id>
		<wp:post_date><![CDATA[2016-11-04 10:19:44]]></wp:post_date>
		<wp:post_date_gmt><![CDATA[2016-11-04 01:19:44]]></wp:post_date_gmt>
		<wp:comment_status><![CDATA[closed]]></wp:comment_status>
		<wp:ping_status><![CDATA[closed]]></wp:ping_status>
		<wp:post_name><![CDATA[37]]></wp:post_name>
		<wp:status><![CDATA[publish]]></wp:status>
		<wp:post_parent>0</wp:post_parent>
		<wp:menu_order>2</wp:menu_order>
		<wp:post_type><![CDATA[nav_menu_item]]></wp:post_type>
		<wp:post_password><![CDATA[]]></wp:post_password>
		<wp:is_sticky>0</wp:is_sticky>
		<category domain="nav_menu" nicename="fnav-right"><![CDATA[Fnav-right]]></category>
		<wp:postmeta>
			<wp:meta_key><![CDATA[_menu_item_type]]></wp:meta_key>
			<wp:meta_value><![CDATA[post_type]]></wp:meta_value>
		</wp:postmeta>
		<wp:postmeta>
			<wp:meta_key><![CDATA[_menu_item_menu_item_parent]]></wp:meta_key>
			<wp:meta_value><![CDATA[0]]></wp:meta_value>
		</wp:postmeta>
		<wp:postmeta>
			<wp:meta_key><![CDATA[_menu_item_object_id]]></wp:meta_key>
			<wp:meta_value><![CDATA[7]]></wp:meta_value>
		</wp:postmeta>
		<wp:postmeta>
			<wp:meta_key><![CDATA[_menu_item_object]]></wp:meta_key>
			<wp:meta_value><![CDATA[page]]></wp:meta_value>
		</wp:postmeta>
		<wp:postmeta>
			<wp:meta_key><![CDATA[_menu_item_target]]></wp:meta_key>
			<wp:meta_value><![CDATA[]]></wp:meta_value>
		</wp:postmeta>
		<wp:postmeta>
			<wp:meta_key><![CDATA[_menu_item_classes]]></wp:meta_key>
			<wp:meta_value><![CDATA[a:1:{i:0;s:0:"";}]]></wp:meta_value>
		</wp:postmeta>
		<wp:postmeta>
			<wp:meta_key><![CDATA[_menu_item_xfn]]></wp:meta_key>
			<wp:meta_value><![CDATA[]]></wp:meta_value>
		</wp:postmeta>
		<wp:postmeta>
			<wp:meta_key><![CDATA[_menu_item_url]]></wp:meta_key>
			<wp:meta_value><![CDATA[]]></wp:meta_value>
		</wp:postmeta>
	</item>
	<item>
		<title>Hello world!</title>
		<link>http://bp-media.iaowd.com/hello-world__trashed/</link>
		<pubDate>Wed, 19 Oct 2016 15:48:17 +0000</pubDate>
		<dc:creator><![CDATA[na2ken]]></dc:creator>
		<guid isPermaLink="false">http://bp-media.iaowd.com/?p=1</guid>
		<description></description>
		<content:encoded><![CDATA[WordPress へようこそ。これは最初の投稿です。編集もしくは削除してブログを始めてください !]]></content:encoded>
		<excerpt:encoded><![CDATA[]]></excerpt:encoded>
		<wp:post_id>1</wp:post_id>
		<wp:post_date><![CDATA[2016-10-20 00:48:17]]></wp:post_date>
		<wp:post_date_gmt><![CDATA[2016-10-19 15:48:17]]></wp:post_date_gmt>
		<wp:comment_status><![CDATA[open]]></wp:comment_status>
		<wp:ping_status><![CDATA[open]]></wp:ping_status>
		<wp:post_name><![CDATA[hello-world__trashed]]></wp:post_name>
		<wp:status><![CDATA[trash]]></wp:status>
		<wp:post_parent>0</wp:post_parent>
		<wp:menu_order>0</wp:menu_order>
		<wp:post_type><![CDATA[post]]></wp:post_type>
		<wp:post_password><![CDATA[]]></wp:post_password>
		<wp:is_sticky>0</wp:is_sticky>
		<category domain="category" nicename="%e6%9c%aa%e5%88%86%e9%a1%9e"><![CDATA[未分類]]></category>
		<wp:postmeta>
			<wp:meta_key><![CDATA[_wp_trash_meta_status]]></wp:meta_key>
			<wp:meta_value><![CDATA[publish]]></wp:meta_value>
		</wp:postmeta>
		<wp:postmeta>
			<wp:meta_key><![CDATA[_wp_trash_meta_time]]></wp:meta_key>
			<wp:meta_value><![CDATA[1478222109]]></wp:meta_value>
		</wp:postmeta>
		<wp:postmeta>
			<wp:meta_key><![CDATA[_wp_desired_post_slug]]></wp:meta_key>
			<wp:meta_value><![CDATA[hello-world]]></wp:meta_value>
		</wp:postmeta>
		<wp:postmeta>
			<wp:meta_key><![CDATA[_wp_trash_meta_comments_status]]></wp:meta_key>
			<wp:meta_value><![CDATA[a:1:{i:1;s:1:"1";}]]></wp:meta_value>
		</wp:postmeta>
		<wp:comment>
			<wp:comment_id>1</wp:comment_id>
			<wp:comment_author><![CDATA[WordPress コメントの投稿者]]></wp:comment_author>
			<wp:comment_author_email><![CDATA[wapuu@wordpress.example]]></wp:comment_author_email>
			<wp:comment_author_url>https://wordpress.org/</wp:comment_author_url>
			<wp:comment_author_IP><![CDATA[]]></wp:comment_author_IP>
			<wp:comment_date><![CDATA[2016-10-20 00:48:17]]></wp:comment_date>
			<wp:comment_date_gmt><![CDATA[2016-10-19 15:48:17]]></wp:comment_date_gmt>
			<wp:comment_content><![CDATA[こんにちは、これはコメントです。
コメントの承認、編集、削除を始めるにはダッシュボードの「コメント画面」にアクセスしてください。
コメントのアバターは「<a href="https://gravatar.com">Gravatar</a>」から取得されます。]]></wp:comment_content>
			<wp:comment_approved><![CDATA[post-trashed]]></wp:comment_approved>
			<wp:comment_type><![CDATA[]]></wp:comment_type>
			<wp:comment_parent>0</wp:comment_parent>
			<wp:comment_user_id>0</wp:comment_user_id>
		</wp:comment>
	</item>
	<item>
		<title>サンプルページ</title>
		<link>http://bp-media.iaowd.com/sample-page__trashed/</link>
		<pubDate>Wed, 19 Oct 2016 15:48:17 +0000</pubDate>
		<dc:creator><![CDATA[na2ken]]></dc:creator>
		<guid isPermaLink="false">http://bp-media.iaowd.com/?page_id=2</guid>
		<description></description>
		<content:encoded><![CDATA[これはサンプルページです。同じ位置に固定され、(多くのテーマでは) サイトナビゲーションメニューに含まれるため、ブログ投稿とは異なります。サイト訪問者に対して自分のことを説明する自己紹介ページを作成するのが一般的です。たとえば以下のようなものになります。 

<blockquote>はじめまして。昼間はバイク便のメッセンジャーとして働いていますが、俳優志望でもあります。これは僕のブログです。ロサンゼルスに住み、ジャックという名前のかわいい犬を飼っています。好きなものはピニャコラーダ (通り雨に濡れるのも) 。</blockquote>

または、このようなものでもよいでしょう。

<blockquote>XYZ 小道具株式会社は1971年の創立以来、高品質の小道具を皆様にご提供させていただいています。ゴッサム・シティに所在する当社では2,000名以上の社員が働いており、様々な形で地域のコミュニティへ貢献しています。</blockquote>

新しく WordPress ユーザーになった方は、<a href="http://bp-media.iaowd.com/wp-admin/">ダッシュボード</a>へ行ってこのページを削除し、独自のコンテンツを含む新しいページを作成してください。それでは、お楽しみください !]]></content:encoded>
		<excerpt:encoded><![CDATA[]]></excerpt:encoded>
		<wp:post_id>2</wp:post_id>
		<wp:post_date><![CDATA[2016-10-20 00:48:17]]></wp:post_date>
		<wp:post_date_gmt><![CDATA[2016-10-19 15:48:17]]></wp:post_date_gmt>
		<wp:comment_status><![CDATA[closed]]></wp:comment_status>
		<wp:ping_status><![CDATA[open]]></wp:ping_status>
		<wp:post_name><![CDATA[sample-page__trashed]]></wp:post_name>
		<wp:status><![CDATA[trash]]></wp:status>
		<wp:post_parent>0</wp:post_parent>
		<wp:menu_order>0</wp:menu_order>
		<wp:post_type><![CDATA[page]]></wp:post_type>
		<wp:post_password><![CDATA[]]></wp:post_password>
		<wp:is_sticky>0</wp:is_sticky>
		<wp:postmeta>
			<wp:meta_key><![CDATA[_wp_page_template]]></wp:meta_key>
			<wp:meta_value><![CDATA[default]]></wp:meta_value>
		</wp:postmeta>
		<wp:postmeta>
			<wp:meta_key><![CDATA[_wp_trash_meta_status]]></wp:meta_key>
			<wp:meta_value><![CDATA[publish]]></wp:meta_value>
		</wp:postmeta>
		<wp:postmeta>
			<wp:meta_key><![CDATA[_wp_trash_meta_time]]></wp:meta_key>
			<wp:meta_value><![CDATA[1478222124]]></wp:meta_value>
		</wp:postmeta>
		<wp:postmeta>
			<wp:meta_key><![CDATA[_wp_desired_post_slug]]></wp:meta_key>
			<wp:meta_value><![CDATA[sample-page]]></wp:meta_value>
		</wp:postmeta>
	</item>
	<item>
		<title>フロントページ</title>
		<link>http://bp-media.iaowd.com/</link>
		<pubDate>Tue, 09 Aug 2016 04:29:43 +0000</pubDate>
		<dc:creator><![CDATA[na2ken]]></dc:creator>
		<guid isPermaLink="false">http://na2ken.com/bootpress/?page_id=7</guid>
		<description></description>
		<content:encoded><![CDATA[]]></content:encoded>
		<excerpt:encoded><![CDATA[]]></excerpt:encoded>
		<wp:post_id>10</wp:post_id>
		<wp:post_date><![CDATA[2016-08-09 13:29:43]]></wp:post_date>
		<wp:post_date_gmt><![CDATA[2016-08-09 04:29:43]]></wp:post_date_gmt>
		<wp:comment_status><![CDATA[closed]]></wp:comment_status>
		<wp:ping_status><![CDATA[closed]]></wp:ping_status>
		<wp:post_name><![CDATA[%e3%83%95%e3%83%ad%e3%83%b3%e3%83%88%e3%83%9a%e3%83%bc%e3%82%b8]]></wp:post_name>
		<wp:status><![CDATA[publish]]></wp:status>
		<wp:post_parent>0</wp:post_parent>
		<wp:menu_order>0</wp:menu_order>
		<wp:post_type><![CDATA[page]]></wp:post_type>
		<wp:post_password><![CDATA[]]></wp:post_password>
		<wp:is_sticky>0</wp:is_sticky>
		<wp:postmeta>
			<wp:meta_key><![CDATA[_edit_last]]></wp:meta_key>
			<wp:meta_value><![CDATA[1]]></wp:meta_value>
		</wp:postmeta>
		<wp:postmeta>
			<wp:meta_key><![CDATA[_wp_page_template]]></wp:meta_key>
			<wp:meta_value><![CDATA[front-page.php]]></wp:meta_value>
		</wp:postmeta>
	</item>
	<item>
		<title>blog</title>
		<link>http://bp-media.iaowd.com/blog/</link>
		<pubDate>Tue, 09 Aug 2016 04:29:58 +0000</pubDate>
		<dc:creator><![CDATA[na2ken]]></dc:creator>
		<guid isPermaLink="false">http://na2ken.com/bootpress/?page_id=9</guid>
		<description></description>
		<content:encoded><![CDATA[]]></content:encoded>
		<excerpt:encoded><![CDATA[]]></excerpt:encoded>
		<wp:post_id>11</wp:post_id>
		<wp:post_date><![CDATA[2016-08-09 13:29:58]]></wp:post_date>
		<wp:post_date_gmt><![CDATA[2016-08-09 04:29:58]]></wp:post_date_gmt>
		<wp:comment_status><![CDATA[closed]]></wp:comment_status>
		<wp:ping_status><![CDATA[closed]]></wp:ping_status>
		<wp:post_name><![CDATA[blog]]></wp:post_name>
		<wp:status><![CDATA[publish]]></wp:status>
		<wp:post_parent>0</wp:post_parent>
		<wp:menu_order>0</wp:menu_order>
		<wp:post_type><![CDATA[page]]></wp:post_type>
		<wp:post_password><![CDATA[]]></wp:post_password>
		<wp:is_sticky>0</wp:is_sticky>
		<wp:postmeta>
			<wp:meta_key><![CDATA[_edit_last]]></wp:meta_key>
			<wp:meta_value><![CDATA[1]]></wp:meta_value>
		</wp:postmeta>
		<wp:postmeta>
			<wp:meta_key><![CDATA[_wp_page_template]]></wp:meta_key>
			<wp:meta_value><![CDATA[default]]></wp:meta_value>
		</wp:postmeta>
	</item>
	<item>
		<title>ブログ記事＃２見出しH1ブログ記事＃２</title>
		<link>http://bp-media.iaowd.com/000002-2/</link>
		<pubDate>Tue, 09 Aug 2016 05:08:49 +0000</pubDate>
		<dc:creator><![CDATA[na2ken]]></dc:creator>
		<guid isPermaLink="false">http://na2ken.com/bootpress/?p=20</guid>
		<description></description>
		<content:encoded><![CDATA[<h2 class="h1 text-center verticalMargin-t-sm">中見出しH2中見出しH2テスト投稿</h2>
あいうえ５かきく１０さしすせ５たちつ２０なにぬね５はひふ３０まみむめ５やゐゆ４０らりるれ５わおん５０あいうえ５かきく１０さしすせ５たちつ２０なにぬね５はひふ３０まみむめ５やゐゆ４０らりるれ５わおん５０あいうえ５かきく１０さしすせ５たちつ２０なにぬね５はひふ３０まみむめ５やゐゆ４０らりるれ５わおん５０あいうえ５かきく１０さしすせ５たちつ２０なにぬね５はひふ３０まみむめ５やゐゆ４０らりるれ５わおん５０

あいうえ５かきく１０さしすせ５たちつ２０なにぬね５はひふ３０まみむめ５やゐゆ４０らりるれ５わおん５０あいうえ５かきく１０さしすせ５たちつ２０なにぬね５はひふ３０まみむめ５やゐゆ４０らりるれ５わおん５０あいうえ５かきく１０さしすせ５たちつ２０なにぬね５はひふ３０まみむめ５やゐゆ４０らりるれ５わおん５０あいうえ５かきく１０さしすせ５たちつ２０なにぬね５はひふ３０まみむめ５やゐゆ４０らりるれ５わおん５０

<div class="gryColor verticalPadding-t-sx verticalPadding-b-xs verticalMargin-b-md">
<h3 class="h4 text-center verticalPadding-t-sm headeigDec-Underline">このページの目次</h3>
<ol class="listStyle-leading-zero horizontalMargin-l-md"></li>
<li class="page-scroll"><a href="#section01">目次中の中見出し1</a></li>
<li class="page-scroll"><a href="#section02">目次中の中見出し2</a></li>
<li class="page-scroll"><a href="#section03">目次中の中見出し3</a></li>
<li class="page-scroll"><a href="#section04">目次中の中見出し4</a></li>
<li class="page-scroll"><a href="#section05">目次中の中見出し5</a></li>
<li class="page-scroll"><a href="#section06">目次中の中見出し6</a></li>
</ol>
</div>]]></content:encoded>
		<excerpt:encoded><![CDATA[]]></excerpt:encoded>
		<wp:post_id>20</wp:post_id>
		<wp:post_date><![CDATA[2016-08-09 14:08:49]]></wp:post_date>
		<wp:post_date_gmt><![CDATA[2016-08-09 05:08:49]]></wp:post_date_gmt>
		<wp:comment_status><![CDATA[open]]></wp:comment_status>
		<wp:ping_status><![CDATA[open]]></wp:ping_status>
		<wp:post_name><![CDATA[000002-2]]></wp:post_name>
		<wp:status><![CDATA[publish]]></wp:status>
		<wp:post_parent>0</wp:post_parent>
		<wp:menu_order>0</wp:menu_order>
		<wp:post_type><![CDATA[post]]></wp:post_type>
		<wp:post_password><![CDATA[]]></wp:post_password>
		<wp:is_sticky>0</wp:is_sticky>
		<category domain="category" nicename="category-b"><![CDATA[新規カテゴリー]]></category>
		<wp:postmeta>
			<wp:meta_key><![CDATA[_edit_last]]></wp:meta_key>
			<wp:meta_value><![CDATA[1]]></wp:meta_value>
		</wp:postmeta>
		<wp:postmeta>
			<wp:meta_key><![CDATA[_wp_old_slug]]></wp:meta_key>
			<wp:meta_value><![CDATA[%e3%83%96%e3%83%ad%e3%82%b0%e8%a8%98%e4%ba%8b%ef%bc%83%ef%bc%92%e8%a6%8b%e5%87%ba%e3%81%97h1%e3%83%96%e3%83%ad%e3%82%b0%e8%a8%98%e4%ba%8b%ef%bc%83%ef%bc%92%e8%a6%8b%e5%87%ba%e3%81%97h1%e3%83%86]]></wp:meta_value>
		</wp:postmeta>
	</item>
	<item>
		<title>ブログ記事＃３見出しH1ブログ記事＃３見出しH1テスト投稿</title>
		<link>http://bp-media.iaowd.com/000003-2/</link>
		<pubDate>Tue, 09 Aug 2016 05:10:30 +0000</pubDate>
		<dc:creator><![CDATA[na2ken]]></dc:creator>
		<guid isPermaLink="false">http://na2ken.com/bootpress/?p=23</guid>
		<description></description>
		<content:encoded><![CDATA[<h2 class="h1 text-center verticalMargin-t-sm">中見出しH2中見出しH2テスト投稿</h2>
あいうえ５かきく１０さしすせ５たちつ２０なにぬね５はひふ３０まみむめ５やゐゆ４０らりるれ５わおん５０あいうえ５かきく１０さしすせ５たちつ２０なにぬね５はひふ３０まみむめ５やゐゆ４０らりるれ５わおん５０あいうえ５かきく１０さしすせ５たちつ２０なにぬね５はひふ３０まみむめ５やゐゆ４０らりるれ５わおん５０あいうえ５かきく１０さしすせ５たちつ２０なにぬね５はひふ３０まみむめ５やゐゆ４０らりるれ５わおん５０

あいうえ５かきく１０さしすせ５たちつ２０なにぬね５はひふ３０まみむめ５やゐゆ４０らりるれ５わおん５０あいうえ５かきく１０さしすせ５たちつ２０なにぬね５はひふ３０まみむめ５やゐゆ４０らりるれ５わおん５０あいうえ５かきく１０さしすせ５たちつ２０なにぬね５はひふ３０まみむめ５やゐゆ４０らりるれ５わおん５０あいうえ５かきく１０さしすせ５たちつ２０なにぬね５はひふ３０まみむめ５やゐゆ４０らりるれ５わおん５０

<div class="gryColor verticalPadding-t-sx verticalPadding-b-xs verticalMargin-b-md">
<h3 class="h4 text-center verticalPadding-t-sm headeigDec-Underline">このページの目次</h3>
<ol class="listStyle-leading-zero horizontalMargin-l-md"></li>
<li class="page-scroll"><a href="#section01">目次中の中見出し1</a></li>
<li class="page-scroll"><a href="#section02">目次中の中見出し2</a></li>
<li class="page-scroll"><a href="#section03">目次中の中見出し3</a></li>
<li class="page-scroll"><a href="#section04">目次中の中見出し4</a></li>
<li class="page-scroll"><a href="#section05">目次中の中見出し5</a></li>
<li class="page-scroll"><a href="#section06">目次中の中見出し6</a></li>
</ol>
</div>]]></content:encoded>
		<excerpt:encoded><![CDATA[]]></excerpt:encoded>
		<wp:post_id>23</wp:post_id>
		<wp:post_date><![CDATA[2016-08-09 14:10:30]]></wp:post_date>
		<wp:post_date_gmt><![CDATA[2016-08-09 05:10:30]]></wp:post_date_gmt>
		<wp:comment_status><![CDATA[open]]></wp:comment_status>
		<wp:ping_status><![CDATA[open]]></wp:ping_status>
		<wp:post_name><![CDATA[000003-2]]></wp:post_name>
		<wp:status><![CDATA[publish]]></wp:status>
		<wp:post_parent>0</wp:post_parent>
		<wp:menu_order>0</wp:menu_order>
		<wp:post_type><![CDATA[post]]></wp:post_type>
		<wp:post_password><![CDATA[]]></wp:post_password>
		<wp:is_sticky>0</wp:is_sticky>
		<category domain="post_tag" nicename="%e3%83%96%e3%83%ad%e3%82%b0%e8%a8%98%e4%ba%8b%ef%bc%83%ef%bc%93"><![CDATA[ブログ記事＃３]]></category>
		<category domain="category" nicename="category-b"><![CDATA[新規カテゴリー]]></category>
		<wp:postmeta>
			<wp:meta_key><![CDATA[_edit_last]]></wp:meta_key>
			<wp:meta_value><![CDATA[1]]></wp:meta_value>
		</wp:postmeta>
		<wp:postmeta>
			<wp:meta_key><![CDATA[_wp_old_slug]]></wp:meta_key>
			<wp:meta_value><![CDATA[%e3%83%96%e3%83%ad%e3%82%b0%e8%a8%98%e4%ba%8b%ef%bc%83%ef%bc%93%e8%a6%8b%e5%87%ba%e3%81%97h1%e3%83%96%e3%83%ad%e3%82%b0%e8%a8%98%e4%ba%8b%ef%bc%83%ef%bc%93%e8%a6%8b%e5%87%ba%e3%81%97h1%e3%83%86]]></wp:meta_value>
		</wp:postmeta>
	</item>
	<item>
		<title>ブログ記事＃１見出しH1ブログ記事＃１見出しH1テスト投稿</title>
		<link>http://bp-media.iaowd.com/000001-2/</link>
		<pubDate>Tue, 09 Aug 2016 04:14:50 +0000</pubDate>
		<dc:creator><![CDATA[na2ken]]></dc:creator>
		<guid isPermaLink="false">http://na2ken.com/bootpress/?p=1</guid>
		<description></description>
		<content:encoded><![CDATA[<h2 class="h1 text-center verticalMargin-t-sm">中見出しH2中見出しH2テスト投稿</h2>
あいうえ５かきく１０さしすせ５たちつ２０なにぬね５はひふ３０まみむめ５やゐゆ４０らりるれ５わおん５０あいうえ５かきく１０さしすせ５たちつ２０なにぬね５はひふ３０まみむめ５やゐゆ４０らりるれ５わおん５０あいうえ５かきく１０さしすせ５たちつ２０なにぬね５はひふ３０まみむめ５やゐゆ４０らりるれ５わおん５０あいうえ５かきく１０さしすせ５たちつ２０なにぬね５はひふ３０まみむめ５やゐゆ４０らりるれ５わおん５０

あいうえ５かきく１０さしすせ５たちつ２０なにぬね５はひふ３０まみむめ５やゐゆ４０らりるれ５わおん５０あいうえ５かきく１０さしすせ５たちつ２０なにぬね５はひふ３０まみむめ５やゐゆ４０らりるれ５わおん５０あいうえ５かきく１０さしすせ５たちつ２０なにぬね５はひふ３０まみむめ５やゐゆ４０らりるれ５わおん５０あいうえ５かきく１０さしすせ５たちつ２０なにぬね５はひふ３０まみむめ５やゐゆ４０らりるれ５わおん５０

<div class="gryColor verticalPadding-t-sx verticalPadding-b-xs verticalMargin-b-md">
<h3 class="h4 text-center verticalPadding-t-sm headeigDec-Underline">このページの目次</h3>
<ol class="listStyle-leading-zero horizontalMargin-l-md"></li>
<li class="page-scroll"><a href="#section01">目次中の中見出し1</a></li>
<li class="page-scroll"><a href="#section02">目次中の中見出し2</a></li>
<li class="page-scroll"><a href="#section03">目次中の中見出し3</a></li>
<li class="page-scroll"><a href="#section04">目次中の中見出し4</a></li>
<li class="page-scroll"><a href="#section05">目次中の中見出し5</a></li>
<li class="page-scroll"><a href="#section06">目次中の中見出し6</a></li>
</ol>
</div>]]></content:encoded>
		<excerpt:encoded><![CDATA[]]></excerpt:encoded>
		<wp:post_id>34</wp:post_id>
		<wp:post_date><![CDATA[2016-08-09 13:14:50]]></wp:post_date>
		<wp:post_date_gmt><![CDATA[2016-08-09 04:14:50]]></wp:post_date_gmt>
		<wp:comment_status><![CDATA[open]]></wp:comment_status>
		<wp:ping_status><![CDATA[open]]></wp:ping_status>
		<wp:post_name><![CDATA[000001-2]]></wp:post_name>
		<wp:status><![CDATA[publish]]></wp:status>
		<wp:post_parent>0</wp:post_parent>
		<wp:menu_order>0</wp:menu_order>
		<wp:post_type><![CDATA[post]]></wp:post_type>
		<wp:post_password><![CDATA[]]></wp:post_password>
		<wp:is_sticky>0</wp:is_sticky>
		<category domain="post_tag" nicename="%e3%82%bf%e3%82%b0"><![CDATA[タグ]]></category>
		<category domain="category" nicename="category-a"><![CDATA[ミニカテゴリー]]></category>
		<wp:postmeta>
			<wp:meta_key><![CDATA[_edit_last]]></wp:meta_key>
			<wp:meta_value><![CDATA[1]]></wp:meta_value>
		</wp:postmeta>
		<wp:postmeta>
			<wp:meta_key><![CDATA[_wp_old_slug]]></wp:meta_key>
			<wp:meta_value><![CDATA[hello-world]]></wp:meta_value>
		</wp:postmeta>
	</item>
	<item>
		<title>ブログ記事＃４見出しH1</title>
		<link>http://bp-media.iaowd.com/000006-2/</link>
		<pubDate>Tue, 09 Aug 2016 05:33:51 +0000</pubDate>
		<dc:creator><![CDATA[na2ken]]></dc:creator>
		<guid isPermaLink="false">http://na2ken.com/bootpress/?p=34</guid>
		<description></description>
		<content:encoded><![CDATA[<h2 class="h1 text-center verticalMargin-t-sm">中見出しH2中見出しH2テスト投稿</h2>
ABCDEFG123456あいうえ５かきく１０さしすせ５たちつ２０なにぬね５はひふ３０まみむめ５やゐゆ４０らりるれ５わおん５０あいうえ５かきく１０さしすせ５たちつ２０なにぬね５はひふ３０まみむめ５やゐゆ４０らりるれ５わおん５０あいうえ５かきく１０さしすせ５たちつ２０なにぬね５はひふ３０まみむめ５やゐゆ４０らりるれ５わおん５０あいうえ５かきく１０さしすせ５たちつ２０なにぬね５はひふ３０まみむめ５やゐゆ４０らりるれ５わおん５０

あいうえ５かきく１０さしすせ５たちつ２０なにぬね５はひふ３０まみむめ５やゐゆ４０らりるれ５わおん５０あいうえ５かきく１０さしすせ５たちつ２０なにぬね５はひふ３０まみむめ５やゐゆ４０らりるれ５わおん５０あいうえ５かきく１０さしすせ５たちつ２０なにぬね５はひふ３０まみむめ５やゐゆ４０らりるれ５わおん５０あいうえ５かきく１０さしすせ５たちつ２０なにぬね５はひふ３０まみむめ５やゐゆ４０らりるれ５わおん５０

<div class="gryColor verticalPadding-t-sx verticalPadding-b-xs verticalMargin-b-md">
<h3 class="h4 text-center verticalPadding-t-sm headeigDec-Underline">このページの目次</h3>
<ol class="listStyle-leading-zero horizontalMargin-l-md"></li>
<li class="page-scroll"><a href="#section01">目次中の中見出し1</a></li>
<li class="page-scroll"><a href="#section02">目次中の中見出し2</a></li>
<li class="page-scroll"><a href="#section03">目次中の中見出し3</a></li>
<li class="page-scroll"><a href="#section04">目次中の中見出し4</a></li>
<li class="page-scroll"><a href="#section05">目次中の中見出し5</a></li>
<li class="page-scroll"><a href="#section06">目次中の中見出し6</a></li>
</ol>
</div>]]></content:encoded>
		<excerpt:encoded><![CDATA[]]></excerpt:encoded>
		<wp:post_id>35</wp:post_id>
		<wp:post_date><![CDATA[2016-08-09 14:33:51]]></wp:post_date>
		<wp:post_date_gmt><![CDATA[2016-08-09 05:33:51]]></wp:post_date_gmt>
		<wp:comment_status><![CDATA[open]]></wp:comment_status>
		<wp:ping_status><![CDATA[open]]></wp:ping_status>
		<wp:post_name><![CDATA[000006-2]]></wp:post_name>
		<wp:status><![CDATA[publish]]></wp:status>
		<wp:post_parent>0</wp:post_parent>
		<wp:menu_order>0</wp:menu_order>
		<wp:post_type><![CDATA[post]]></wp:post_type>
		<wp:post_password><![CDATA[]]></wp:post_password>
		<wp:is_sticky>0</wp:is_sticky>
		<category domain="category" nicename="category-a"><![CDATA[ミニカテゴリー]]></category>
		<wp:postmeta>
			<wp:meta_key><![CDATA[_edit_last]]></wp:meta_key>
			<wp:meta_value><![CDATA[1]]></wp:meta_value>
		</wp:postmeta>
		<wp:postmeta>
			<wp:meta_key><![CDATA[_wp_old_slug]]></wp:meta_key>
			<wp:meta_value><![CDATA[%e3%83%96%e3%83%ad%e3%82%b0%e8%a8%98%e4%ba%8b%ef%bc%83%ef%bc%94%e8%a6%8b%e5%87%ba%e3%81%97h1%e3%83%96%e3%83%ad%e3%82%b0%e8%a8%98%e4%ba%8b%ef%bc%83%ef%bc%94%e8%a6%8b%e5%87%ba%e3%81%97h1%e3%83%86]]></wp:meta_value>
		</wp:postmeta>
	</item>
</channel>
</rss>
